software,precision,recall,fscore
nginx1,0.0952380952380952,0.4,0.1538461538461538
nginx1,0.0869565217391304,0.4,0.1428571428571428
nginx1,0.0909090909090909,0.4,0.1481481481481481
nginx1,0.0909090909090909,0.4,0.1481481481481481
nginx1,0.05,0.2,0.08
nginx1,0.0952380952380952,0.4,0.1538461538461538
nginx1,0.0869565217391304,0.4,0.1428571428571428
nginx1,0.08,0.4,0.1333333333333333
nginx1,0.0476190476190476,0.2,0.0769230769230769
nginx1,0.1363636363636363,0.6,0.2222222222222222
